"2,,""Micrometru"",""UL"",""ro""";;
"3,,""Milimetru"",""UL"",""ro""";;
"4,,""Centimetru"",""UL"",""ro""";;
"5,,""Decimetru"",""UL"",""ro""";;
"6,,""Metru"",""UL"",""ro""";;
"8,,""Kilometru";" mie metri"",""UL"",""ro""";
"9,,""Megametru"; milion metri;" mie kilometri"",""UL"",""ro"""
"10,,""Parsec"",""UL"",""ro""";;
"18,,""Metru liniar"",""UL"",""ro""";;
"19,,""Mie metri liniari"",""UL"",""ro""";;
"20,,""Metru conventional"",""UL"",""ro""";;
"21,,""Metru liniar sapare"",""UL"",""ro""";;
"22,,""Centimetru liniar"",""UL"",""ro""";;
"23,,""Zece metri liniari"",""UL"",""ro""";;
"39,,""Tol (inci) (25,4 mm)"",""UL"",""ro""";;
"41,,""Picior (0,3048 m)"",""UL"",""ro""";;
"43,,""Yard (0,9144 m)"",""UL"",""ro""";;
"47,,""Mila marina (1852 m)"",""UL"",""ro""";;
"48,,""Mie metri conventio nali"",""UL"",""ro""";;
"49,,""Kilometru conducta conventionala"",""UL"",""ro""";;
"50,,""Milimetru patrat"",""UA"",""ro""";;
"51,,""Centimetru patrat"",""UA"",""ro""";;
"53,,""Decimetru patrat"",""UA"",""ro""";;
"54,,""Mie decimetri patrati"",""UA"",""ro""";;
"55,,""Metru patrat"",""UA"",""ro""";;
"56,,""Milion decimetri patrati"",""UA"",""ro""";;
"57,,""Milion metri patrati"",""UA"",""ro""";;
"58,,""Mie metri patrati"",""UA"",""ro""";;
"59,,""Hectar"",""UA"",""ro""";;
"60,,""Mie hectare"",""UA"",""ro""";;
"61,,""Kilometru patrat"",""UA"",""ro""";;
"62,,""Metru patrat conventional"",""UA"",""ro""";;
"63,,""Mie metri patrati conventionali "",""UA"",""ro""";;
"64,,""Milion metri patrati conventionali"",""UA"",""ro""";;
"71,,""Tol (inci) patrat (645,16 mm2)"",""UA"",""ro""";;
"73,,""Picior patrat (0,092903 m2)"",""UA"",""ro""";;
"75,,""Yard patrat (0,8361274 m2)"",""UA"",""ro""";;
"81,,""Metru patrat arie totala"",""UA"",""ro""";;
"83,,""Milion metri patrati arietotala"",""UA"",""ro""";;
"84,,""Metru patrat spatiu locativ"",""UA"",""ro""";;
"85,,""Mie metri patrati spatiu locativ"",""UA"",""ro""";;
"86,,""Milion metri patrati spatiu locativ"",""UA"",""ro""";;
"87,,""Metru patrat cladiri de  studii si laborator"",""UA"",""ro""";;
"88,,""Mie metri patrati cladiri de  studii si laborator"",""UA"",""ro""";;
"89,,""Milion metri patrati in сalcul de 2 milimetri"",""UA"",""ro""";;
"109,,""Ar (100 m2)"",""UA"",""ro""";;
"110,,""Milimetru cub"",""UV"",""ro""";;
"111,,""Centimetru cub";" mililitru"",""UV"",""ro""";
"112,,""Litru";" decimetru cub"",""UV"",""ro""";
"113,,""Metru cub"",""UV"",""ro""";;
"114,,""Mie metri cubi"",""UV"",""ro""";;
"115,,""Miliard metri cubi"",""UV"",""ro""";;
"116,,""Decalitru"",""UV"",""ro""";;
"118,,""Decilitru"",""UV"",""ro""";;
"119,,""Mie decalitri"",""UV"",""ro""";;
"120,,""Milion decalitri"",""UV"",""ro""";;
"121,,""Metru cub consistent"",""UV"",""ro""";;
"122,,""Hectolitru"",""UV"",""ro""";;
"123,,""Metru cub conventional"",""UV"",""ro""";;
"124,,""Mie metri cubi conventionali "",""UV"",""ro""";;
"125,,""Milion metri cubi de prelucrare gaz pe an"",""UV"",""ro""";;
"126,,""Megalitru"",""UV"",""ro""";;
"127,,""Mie metri cubi consistenti"",""UV"",""ro""";;
"128,,""Mie jumatati de litru "",""UV"",""ro""";;
"129,,""Milion jumatati de litru"",""UV"",""ro""";;
"131,,""Tol (inci) cub (16387,1 mm3)"",""UV"",""ro""";;
"132,,""Picior cub (0,02831685 m3)"",""UV"",""ro""";;
"133,,""Yard cub (0,764555 m3)"",""UV"",""ro""";;
"134,,""Metru cub capacitate"",""UV"",""ro""";;
"156,,""Mie metri cubi raportati"",""UV"",""ro""";;
"157,,""Litru pe minut"",""UV"",""ro""";;
"158,,""Litru pe zi"",""UV"",""ro""";;
"160,,""Hectogram"",""UM"",""ro""";;
"161,,""Miligram"",""UM"",""ro""";;
"162,,""Carat metric (1carat = 200mg=210-4 kg)"",""UM"",""ro""";;
"163,,""Gram"",""UM"",""ro""";;
"165,,""Mie carate metrice"",""UM"",""ro""";;
"166,,""Kilogram"",""UM"",""ro""";;
"167,,""Milion carate metrice"",""UM"",""ro""";;
"168,,""Tona";" tona metrica (1000 kg)"",""UM"",""ro""";
"169,,""Mie tone"",""UM"",""ro""";;
"170,,""Kilotona"",""UM"",""ro""";;
"171,,""Milion tone"",""UM"",""ro""";;
"172,,""Tona combustibil conventional"",""UM"",""ro""";;
"173,,""Centigram"",""UM"",""ro""";;
"175,,""Mie tone combustibil conventional "",""UM"",""ro""";;
"176,,""Milion tone combustibil conventional"",""UM"",""ro""";;
"177,,""Mie tone depozitare simultana"",""UM"",""ro""";;
"178,,""Mie tone de prelucrare"",""UM"",""ro""";;
"179,,""Tona conventionala"",""UM"",""ro""";;
"180,,""Tona auto"",""UM"",""ro""";;
"181,,""Tona-registru brut (2,8316 m3)"",""UM"",""ro""";;
"185,,""Capacitate de incarcare in tone metrice"",""UM"",""ro""";;
"206,,""Chintal metric(100 kg)"; hectokilogram;"decitona"",""UM"",""ro"""
"207,,""Milion metri cubi"",""UT"",""ro""";;
"208,,""Erg pe secunda"",""UT"",""ro""";;
"209,,""Kilogram-forta metru pe secunda "",""UT"",""ro""";;
"210,,""Microwatt"",""UT"",""ro""";;
"211,,""Miliwatt"",""UT"",""ro""";;
"212,,""Watt"",""UT"",""ro""";;
"214,,""Kilowatt"",""UT"",""ro""";;
"215,,""Megawatt";" mie kilowati"",""UT"",""ro""";
"216,,""Hectowatt"",""UT"",""ro""";;
"217,,""Hectowatt-ora"",""UT"",""ro""";;
"218,,""Consum in kilowati"",""UT"",""ro""";;
"219,,""Gigawatt"",""UT"",""ro""";;
"220,,""Microvolt"",""UT"",""ro""";;
"221,,""Milivolt"",""UT"",""ro""";;
"222,,""Volt"",""UT"",""ro""";;
"223,,""Kilovolt"",""UT"",""ro""";;
"224,,""Megavolt"",""UT"",""ro""";;
"225,,""Volt pe metru"",""UT"",""ro""";;
"226,,""Volt-amper"",""UT"",""ro""";;
"227,,""Kilovolt-amper"",""UT"",""ro""";;
"228,,""Megavolt-amper (mie kilovolti-amperi)"",""UT"",""ro""";;
"229,,""Var"",""UT"",""ro""";;
"230,,""Kilovar"",""UT"",""ro""";;
"231,,""Metru pe ora"",""UT"",""ro""";;
"232,,""Kilocalorie"",""UT"",""ro""";;
"233,,""Gigacalorie"",""UT"",""ro""";;
"234,,""Mie gigacalorii"",""UT"",""ro""";;
"235,,""Milion gigacalorii"",""UT"",""ro""";;
"236,,""Calorie pe ora "",""UT"",""ro""";;
"237,,""Kilocalorie pe ora"",""UT"",""ro""";;
"238,,""Gigacalorie pe ora"",""UT"",""ro""";;
"239,,""Mie gigacalorii pe ora"",""UT"",""ro""";;
"240,,""Calorie "",""UT"",""ro""";;
"241,,""Milion amperi-ora"",""UT"",""ro""";;
"242,,""Milion kilovolti amperi "",""UT"",""ro""";;
"243,,""Watt-ora"",""UT"",""ro""";;
"244,,""Watt pe metru patrat"",""UT"",""ro""";;
"245,,""Kilowatt-ora"",""UT"",""ro""";;
"246,,""Megawatt-ora";" mie kilowati-ora"",""UT"",""ro""";
"247,,""Gigawatt-ora:milion kilowati-ora"",""UT"",""ro""";;
"248,,""Kilovolt-amper reactiv"",""UT"",""ro""";;
"249,,""Miliard kilowati-ora"",""UT"",""ro""";;
"250,,""Mie kilovolti-amperi reactivi"",""UT"",""ro""";;
"251,,""Cal-putere"",""UT"",""ro""";;
"252,,""Mie cai-putere"",""UT"",""ro""";;
"253,,""Milion cai-putere"",""UT"",""ro""";;
"254,,""Bit"",""UT"",""ro""";;
"255,,""Bait"",""UT"",""ro""";;
"256,,""Kilobait"",""UT"",""ro""";;
"257,,""Megabait"",""UT"",""ro""";;
"258,,""Bod"",""UT"",""ro""";;
"259,,""Gigabait"",""UT"",""ro""";;
"260,,""Amper"",""UT"",""ro""";;
"261,,""Amper pe metru"",""UT"",""ro""";;
"262,,""Amper-secunda"",""UT"",""ro""";;
"263,,""Amper - ora (3,6 kC)"",""UT"",""ro""";;
"264,,""Mie amperi-ora"",""UT"",""ro""";;
"265,,""Amper - metru patrat'"",""UT"",""ro""";;
"266,,""Kiloamper"",""UT"",""ro""";;
"267,,""Picoamper"",""UT"",""ro""";;
"268,,""Volt-amper pe kilogram"",""UT"",""ro""";;
"269,,""Miliamper"",""UT"",""ro""";;
"270,,""Coulomb"",""UT"",""ro""";;
"271,,""Joule"",""UT"",""ro""";;
"272,,""Mol"",""UT"",""ro""";;
"273,,""Kilojoule"",""UT"",""ro""";;
"274,,""Ohm"",""UT"",""ro""";;
"276,,""Megaohm"",""UT"",""ro""";;
"277,,""Gigaohm"",""UT"",""ro""";;
"278,,""Kiloohm"",""UT"",""ro""";;
"279,,""Grad"",""UT"",""ro""";;
"280,,""Grad Celsius"",""UT"",""ro""";;
"281,,""Grad Fahrenheit"",""UT"",""ro""";;
"282,,""Candela"",""UT"",""ro""";;
"283,,""Lux"",""UT"",""ro""";;
"284,,""Lumen"",""UT"",""ro""";;
"285,,""Picofarad"",""UT"",""ro""";;
"286,,""Microfarad"",""UT"",""ro""";;
"287,,""Henry"",""UT"",""ro""";;
"288,,""Kelvin"",""UT"",""ro""";;
"289,,""Newton"",""UT"",""ro""";;
"290,,""Hertz"",""UT"",""ro""";;
"291,,""Kilohertz"",""UT"",""ro""";;
"292,,""Megahertz"",""UT"",""ro""";;
"293,,""Gigahertz"",""UT"",""ro""";;
"294,,""Pascal"",""UT"",""ro""";;
"295,,""Radi an"",""UT"",""ro""";;
"296,,""Siemens"",""UT"",""ro""";;
"297,,""Kilopascal"",""UT"",""ro""";;
"298,,""Megapascal"",""UT"",""ro""";;
"299,,""Megacalorie"",""UT"",""ro""";;
"300,,""Atmosfera fizica (Ю1325Pa)"",""UT"",""ro""";;
"301,,""Atmosfera tehnica (98066,5Pa)"",""UT"",""ro""";;
"302,,""Gigabecquerel"",""UT"",""ro""";;
"303,,""Rontgen"",""UT"",""ro""";;
"304,,""Milicurie"",""UT"",""ro""";;
"305,,""Curie"",""UT"",""ro""";;
"306,,""Gram izotopi fisionabili"",""UT"",""ro""";;
"307,,""Milimetru coloana de mercur standard (133,322 Pa)"",""UT"",""ro""";;
"308,,""Milibar"",""UT"",""ro""";;
"309,,""Bar"",""UT"",""ro""";;
"310,,""Hectobar"",""UT"",""ro""";;
"312,,""Kilobar"",""UT"",""ro""";;
"313,,""Tesla"",""UT"",""ro""";;
"314,,""Farad"",""UT"",""ro""";;
"315,,""Gram pe metru cub"",""UT"",""ro""";;
"316,,""Kilogram pe metru cub"",""UT"",""ro""";;
"317,,""Dina pe centimetru patrat"",""UT"",""ro""";;
"319,,""Milimetru patrat pe secunda"",""UT"",""ro""";;
"320,,""Metru patrat pe secunda"",""UT"",""ro""";;
"321,,""Metru patrat pe kilogram"",""UT"",""ro""";;
"322,,""Angstrom"",""UT"",""ro""";;
"323,,""Becquerel"",""UT"",""ro""";;
"324,,""Weber"",""UT"",""ro""";;
"325,,""Decibel"",""UT"",""ro""";;
"326,,""Steradian"",""UT"",""ro""";;
"327,,""Nod (mila marina pe ora)"",""UT"",""ro""";;
"328,,""Metru pe secunda"",""UT"",""ro""";;
"329,,""Centimetru pe secunda"",""UT"",""ro""";;
"330,,""Rotatie pe secunda"",""UT"",""ro""";;
"331,,""Rotatie pe minut"",""UT"",""ro""";;
"333,,""Kilometru pe ora"",""UT"",""ro""";;
"335,,""Metru pe secunda patrat"",""UT"",""ro""";;
"336,,""Milimetru pe secunda"",""UT"",""ro""";;
"337,,""Milimetru coloana de apa"",""UT"",""ro""";;
"338,,""Milimetru coloana de mercur"",""UT"",""ro""";;
"339,,""Centimetru coloana de apa"",""UT"",""ro""";;
"348,,""Kilogram pe   litru"",""UT"",""ro""";;
"349,,""Coulomb pe kilogram"",""UT"",""ro""";;
"350,,""Picosecunda"",""UTI"",""ro""";;
"351,,""Kilosecunda"",""UTI"",""ro""";;
"352,,""Microsecunda"",""UTI"",""ro""";;
"353,,""Milisecunda"",""UTI"",""ro""";;
"354,,""Secunda"",""UTI"",""ro""";;
"355,,""Minut"",""UTI"",""ro""";;
"356,,""Ora"",""UTI"",""ro""";;
"357,,""Ora lucratoare"",""UTI"",""ro""";;
"358,,""Ora suplimentara"",""UTI"",""ro""";;
"359,,""Zi";" douazeci si patru de ore"",""UTI"",""ro""";
"360,,""Saptamina"",""UTI"",""ro""";;
"361,,""Decada"",""UTI"",""ro""";;
"362,,""Luna"",""UTI"",""ro""";;
"363,,""Luna lucratoare"",""UTI"",""ro""";;
"364,,""Trimestru"",""UTI"",""ro""";;
"365,,""Jumatate de an"",""UTI"",""ro""";;
"366,,""An"",""UTI"",""ro""";;
"367,,""An-lumina"",""UTI"",""ro""";;
"368,,""Deceniu"",""UTI"",""ro""";;
"369,,""Secol"",""UTI"",""ro""";;
"487,,""Kilogram pe secunda"",""UE"",""ro""";;
"499,,""Miligram pe ora"",""UE"",""ro""";;
"500,,""Kilogram pe ora"",""UE"",""ro""";;
"501,,""Gram pe kilowatt-ora"",""UE"",""ro""";;
"510,,""Kilogram pe gigacalorie"",""UE"",""ro""";;
"511,,""Tona-numar"",""UE"",""ro""";;
"512,,""Tona tractiune"",""UE"",""ro""";;
"514,,""Om pe metru patrat"",""UE"",""ro""";;
"521,,""Om pe kilometru patrat"",""UE"",""ro""";;
"522,,""Om pe an"",""UE"",""ro""";;
"524,,""Norma pe ora"",""UE"",""ro""";;
"526,,""Norma pe schimb"",""UE"",""ro""";;
"527,,""Ora de lucru al utilajului"",""UE"",""ro""";;
"528,,""Tona de abur pe ora"",""UE"",""ro""";;
"533,,""Tona pe ora "",""UE"",""ro""";;
"534,,""Tona pe zi"",""UE"",""ro""";;
"535,,""Tona pe schimb"",""UE"",""ro""";;
"538,,""Om-ora"",""UE"",""ro""";;
"576,,""Metru cub pe secunda"",""UE"",""ro""";;
"596,,""Centimetru cub pe secunda"",""UE"",""ro""";;
"597,,""Metru cub pe ora"",""UE"",""ro""";;
"599,,""Litru pe kilometru"",""UE"",""ro""";;
"601,,""Balon"",""UE"",""ro""";;
"604,,""Borcan"",""UE"",""ro""";;
"607,,""Damigeana"",""UE"",""ro""";;
"608,,""Caldare"",""UE"",""ro""";;
"609,,""Bara"",""UE"",""ro""";;
"612,,""Calup"",""UE"",""ro""";;
"613,,""Sac dehirtie"",""UE"",""ro""";;
"614,,""Colac "",""UE"",""ro""";;
"615,,""Bobina"",""UE"",""ro""";;
"616,,""Butoias"",""UE"",""ro""";;
"620,,""Butoi"",""UE"",""ro""";;
"621,,""Scindura"",""UE"",""ro""";;
"623,,""Foaie"",""UE"",""ro""";;
"626,,""Vagon"",""UE"",""ro""";;
"627,,""Vagon-ora "",""UE"",""ro""";;
"628,,""Vagon-zi"",""UE"",""ro""";;
"629,,""Mie caramide standardconventionale"",""UE"",""ro""";;
"630,,""Numar vagoane de serviciu"",""UE"",""ro""";;
"631,,""Cale de acces"",""UE"",""ro""";;
"632,,""Doza"",""UE"",""ro""";;
"640,,""Duzina (12 bucati)"",""UE"",""ro""";;
"641,,""Unitate"",""UE"",""ro""";;
"644,,""Unitate de utilaj"",""UE"",""ro""";;
"645,,""Unitate de abonat"",""UE"",""ro""";;
"646,,""Unitate de nutret"",""UE"",""ro""";;
"647,,""Chintal unitati furajere"",""UE"",""ro""";;
"648,,""Unitate pe tona"",""UE"",""ro""";;
"649,,""Chintal pe hectar"",""UE"",""ro""";;
"650,,""Port de legatura"",""UE"",""ro""";;
"652,,""Linia de telecomunicatie deservita"",""UE"",""ro""";;
"653,,""Minut de comunicare"",""UE"",""ro""";;
"759,,""Kilogram pe hectar"",""UE"",""ro""";;
"760,,""Tona pe hectar"",""UE"",""ro""";;
"761,,""Kilogram pe om"",""UE"",""ro""";;
"762,,""Hectar pe om"",""UE"",""ro""";;
"763,,""Lei pe om"",""UE"",""ro""";;
"766,,""Mie lei pe hectar"",""UE"",""ro""";;
"767,,""Lei perora"",""UE"",""ro""";;
"768,,""Ambalaj"",""UE"",""ro""";;
"779,,""Duzina ambalaje"",""UE"",""ro""";;
"783,,""Om"",""UE"",""ro""";;
"794,,""Bucata"",""UE"",""ro""";;
"811,,""Lada"",""UE"",""ro""";;
"814,,""Concentratie masica de alcool"",""UE"",""ro""";;
"820,,""Concentratie volumica de alcool"",""UE"",""ro""";;
"821,,""Litru alcool absolut"",""UE"",""ro""";;
"831,,""Hectolitru alcool absolut"",""UE"",""ro""";;
"833,,""Capete"",""UE"",""ro""";;
"838,,""Complet"",""UE"",""ro""";;
"839,,""Sectie"",""UE"",""ro""";;
"908,,""Numar"",""UE"",""ro""";;
"909,,""Apartament"",""UE"",""ro""";;
"911,,""Cat"",""UE"",""ro""";;
"913,,""Volum fond de carti"",""UE"",""ro""";;
"915,,""Reparatie conventionala"",""UE"",""ro""";;
"916,,""Reparatie conventionala pe an"",""UE"",""ro""";;
"917,,""Schimb"",""UE"",""ro""";;
"918,,""Coala de autor"",""UE"",""ro""";;
"920,,""Coala de tipar"",""UE"",""ro""";;
"921,,""Coala editoriala"",""UE"",""ro""";;
"922,,""Semn"",""UE"",""ro""";;
"923,,""Cuvint"",""UE"",""ro""";;
"924,,""Simbol"",""UE"",""ro""";;
"925,,""Teava conventionala"",""UE"",""ro""";;
"2,,""мkм"",""UL"",""ru""";;
"3,,""мм"",""UL"",""ru""";;
"4,,""cм"",""UL"",""ru""";;
"5,,""дм"",""UL"",""ru""";;
"6,,""м"",""UL"",""ru""";;
"8,,""kм";" м"",""UL"",""ru""";
"9,,""Mм"; м;"km"",""UL"",""ru"""
"10,,""ПК"",""UL"",""ru""";;
"18,,""пог. м"",""UL"",""ru""";;
"19,,""пог. м"",""UL"",""ru""";;
"20,,""усл. м"",""UL"",""ru""";;
"21,,""пог. м пpoxoдки"",""UL"",""ru""";;
"22,,""пог. cм"",""UL"",""ru""";;
"23,,""10 пог. м"",""UL"",""ru""";;
"39,,""дюйм"",""UL"",""ru""";;
"41,,""фут"",""UL"",""ru""";;
"43,,""ярд"",""UL"",""ru""";;
"47,,""миля"",""UL"",""ru""";;
"48,,""усл. м"",""UL"",""ru""";;
"49,,""kм усл. труб"",""UL"",""ru""";;
"50,,""мм2"",""UA"",""ru""";;
"51,,""cм2"",""UA"",""ru""";;
"53,,""дм2"",""UA"",""ru""";;
"54,,""дм 2"",""UA"",""ru""";;
"55,,""м 2"",""UA"",""ru""";;
"56,,""дм2"",""UA"",""ru""";;
"57,,""м2"",""UA"",""ru""";;
"58,,""м 2"",""UA"",""ru""";;
"59,,""ra"",""UA"",""ru""";;
"60,,""ra"",""UA"",""ru""";;
"61,,""kм 2"",""UA"",""ru""";;
"62,,""усл. м2"",""UA"",""ru""";;
"63,,""усл. М2"",""UA"",""ru""";;
"64,,""усл. М2"",""UA"",""ru""";;
"71,,""дюйм2"",""UA"",""ru""";;
"73,,""фт2"",""UA"",""ru""";;
"75,,""ярд2"",""UA"",""ru""";;
"81,,""м2 o6щ пл."",""UA"",""ru""";;
"83,,""м2 o6щ пл."",""UA"",""ru""";;
"84,,""м2 жил.пл."",""UA"",""ru""";;
"85,,""м2 жил.пл."",""UA"",""ru""";;
"86,,""м2 жил.пл."",""UA"",""ru""";;
"87,,""м2 уч.лаб. здан."",""UA"",""ru""";;
"88,,""м2 уч.лаб. здан."",""UA"",""ru""";;
"89,,""м2 2 мм исч"",""UA"",""ru""";;
"109,,""a"",""UA"",""ru""";;
"110,,""мм3"",""UV"",""ru""";;
"111,,""cм3";" мл"",""UV"",""ru""";
"112,,""л";" дм3"",""UV"",""ru""";
"113,,""м3"",""UV"",""ru""";;
"114,,""м3"",""UV"",""ru""";;
"115,,""109 м3"",""UV"",""ru""";;
"116,,""дал"",""UV"",""ru""";;
"118,,""дл"",""UV"",""ru""";;
"119,,""дал"",""UV"",""ru""";;
"120,,""дал"",""UV"",""ru""";;
"121,,""плотн. м3"",""UV"",""ru""";;
"122,,""гл"",""UV"",""ru""";;
"123,,""усл. м3"",""UV"",""ru""";;
"124,,""усл. м3"",""UV"",""ru""";;
"125,,""м3 перераб.газа"",""UV"",""ru""";;
"126,,""Mл"",""UV"",""ru""";;
"127,,""плотн. м3"",""UV"",""ru""";;
"128,,""пол.л"",""UV"",""ru""";;
"129,,""пол.л"",""UV"",""ru""";;
"131,,""дюйм3"",""UV"",""ru""";;
"132,,""фт3"",""UV"",""ru""";;
"133,,""ярд3"",""UV"",""ru""";;
"134,,""м3 вмест."",""UV"",""ru""";;
"156,,""м3привед."",""UV"",""ru""";;
"157,,""л/мин"",""UV"",""ru""";;
"158,,""ji/cyт."",""UV"",""ru""";;
"160,,""гг"",""UM"",""ru""";;
"161,,""мг"",""UM"",""ru""";;
"162,,""кap"",""UM"",""ru""";;
"163,,""r"",""UM"",""ru""";;
"165,,""kap"",""UM"",""ru""";;
"166,,""kг"",""UM"",""ru""";;
"167,,""kap"",""UM"",""ru""";;
"168,,""T"",""UM"",""ru""";;
"169,,""т"",""UM"",""ru""";;
"170,,""т";" kt"",""UM"",""ru""";
"171,,""I06 т"",""UM"",""ru""";;
"172,,""т  усл.топл."",""UM"",""ru""";;
"173,,""cг"",""UM"",""ru""";;
"175,,""т усл.топл."",""UM"",""ru""";;
"176,,""т усл.топл."",""UM"",""ru""";;
"177,,""т единовр.хран."",""UM"",""ru""";;
"178,,""т перераб."",""UM"",""ru""";;
"179,,""ycл. т"",""UM"",""ru""";;
"180,,""aвтo t"",""UM"",""ru""";;
"181,,""бpт"",""UM"",""ru""";;
"185,,""t грп"",""UM"",""ru""";;
"206,,""ц"",""UM"",""ru""";;
"207,,""  м3"",""UT"",""ru""";;
"208,,"" эрг/с"",""UT"",""ru""";;
"209,,""кгc м/c"",""UT"",""ru""";;
"210,,""мk Bт"",""UT"",""ru""";;
"211,,""mBt"",""UT"",""ru""";;
"212,,""Bt"",""UT"",""ru""";;
"214,,""kBt"",""UT"",""ru""";;
"215,,""MBt";" kBт"",""UT"",""ru""";
"216,,""гBT"",""UT"",""ru""";;
"217,,""гBт ч"",""UT"",""ru""";;
"218,,""pacx kBt"",""UT"",""ru""";;
"219,,""ГBt"",""UT"",""ru""";;
"220,,""мkB"",""UT"",""ru""";;
"221,,""mB"",""UT"",""ru""";;
"222,,""B"",""UT"",""ru""";;
"223,,""kB"",""UT"",""ru""";;
"224,,""MB"",""UT"",""ru""";;
"225,,""B/m"",""UT"",""ru""";;
"226,,""BA"",""UT"",""ru""";;
"227,,""kBA"",""UT"",""ru""";;
"228,,""MBA"",""UT"",""ru""";;
"229,,""BAp"",""UT"",""ru""";;
"230,,""KBAp"",""UT"",""ru""";;
"231,,""м/ч"",""UT"",""ru""";;
"232,,""ккал"",""UT"",""ru""";;
"233,,""Гкал"",""UT"",""ru""";;
"234,,""Гкал"",""UT"",""ru""";;
"235,,""Гкал"",""UT"",""ru""";;
"236,,""кал/ч"",""UT"",""ru""";;
"237,,""ккал/ч"",""UT"",""ru""";;
"238,,""Гкал/ч"",""UT"",""ru""";;
"239,,""Гкал/ч"",""UT"",""ru""";;
"240,,""кал"",""UT"",""ru""";;
"241,,""Aч"",""UT"",""ru""";;
"242,,""kBA"",""UT"",""ru""";;
"243,,""Bтч"",""UT"",""ru""";;
"244,,""Bt/m2"",""UT"",""ru""";;
"245,,""kBtч"",""UT"",""ru""";;
"246,,""MBтч";"kBтч"",""UT"",""ru""";
"247,,""ГBтч"",""UT"",""ru""";;
"248,,""KBAp"",""UT"",""ru""";;
"249,,""109 kBтч"",""UT"",""ru""";;
"250,,""KBAp"",""UT"",""ru""";;
"251,,""л.c."",""UT"",""ru""";;
"252,,""л.c."",""UT"",""ru""";;
"253,,""л.c."",""UT"",""ru""";;
"254,,""бит"",""UT"",""ru""";;
"255,,""бaйт"",""UT"",""ru""";;
"256,,""Kбaйт"",""UT"",""ru""";;
"257,,""Mбaйт"",""UT"",""ru""";;
"258,,""6oд"",""UT"",""ru""";;
"259,,""Гбaйт"",""UT"",""ru""";;
"260,,""A"",""UT"",""ru""";;
"261,,""A/м"",""UT"",""ru""";;
"262,,""Ac"",""UT"",""ru""";;
"263,,""Aч"",""UT"",""ru""";;
"264,,""Aч"",""UT"",""ru""";;
"265,,""Am2"",""UT"",""ru""";;
"266,,""кА"",""UT"",""ru""";;
"267,,""пA"",""UT"",""ru""";;
"268,,""ВА/кг"",""UT"",""ru""";;
"269,,""мА"",""UT"",""ru""";;
"270,,""Кл"",""UT"",""ru""";;
"271,,""Дж"",""UT"",""ru""";;
"272,,""моль"",""UT"",""ru""";;
"273,,""кДж"",""UT"",""ru""";;
"274,,""Ом"",""UT"",""ru""";;
"276,,""Мом"",""UT"",""ru""";;
"277,,""Гом"",""UT"",""ru""";;
"278,,""кОм"",""UT"",""ru""";;
"279,,""°"",""UT"",""ru""";;
"280,,""°С"",""UT"",""ru""";;
"281,,""°F"",""UT"",""ru""";;
"282,,""кд"",""UT"",""ru""";;
"283,,""лк"",""UT"",""ru""";;
"284,,""лм"",""UT"",""ru""";;
"285,,""пФ"",""UT"",""ru""";;
"286,,""мкФ"",""UT"",""ru""";;
"287,,""Гн"",""UT"",""ru""";;
"288,,""К"",""UT"",""ru""";;
"289,,""Н"",""UT"",""ru""";;
"290,,""Гц"",""UT"",""ru""";;
"291,,""кГц"",""UT"",""ru""";;
"292,,""МГц"",""UT"",""ru""";;
"293,,""ГГц"",""UT"",""ru""";;
"294,,""Па"",""UT"",""ru""";;
"295,,""рад"",""UT"",""ru""";;
"296,,""См"",""UT"",""ru""";;
"297,,""кПа"",""UT"",""ru""";;
"298,,""МПа"",""UT"",""ru""";;
"299,,""Мкал"",""UT"",""ru""";;
"300,,""атм"",""UT"",""ru""";;
"301,,""ат"",""UT"",""ru""";;
"302,,""ГБк"",""UT"",""ru""";;
"303,,""P"",""UT"",""ru""";;
"304,,""мКи"",""UT"",""ru""";;
"305,,""Ки"",""UT"",""ru""";;
"306,,""гД/И"",""UT"",""ru""";;
"307,,""ст мм рт ст"",""UT"",""ru""";;
"308,,""мбар"",""UT"",""ru""";;
"309,,""бар"",""UT"",""ru""";;
"310,,""гбар"",""UT"",""ru""";;
"312,,""кбар"",""UT"",""ru""";;
"313,,""Тл"",""UT"",""ru""";;
"314,,""Ф"",""UT"",""ru""";;
"315,,""г/м3"",""UT"",""ru""";;
"316,,""кг/м3"",""UT"",""ru""";;
"317,,""дин/см2"",""UT"",""ru""";;
"319,,""мм2/с"",""UT"",""ru""";;
"320,,""М2/С"",""UT"",""ru""";;
"321,,""м2/кг"",""UT"",""ru""";;
"322,,""Å"",""UT"",""ru""";;
"323,,""Бк"",""UT"",""ru""";;
"324,,""Вб"",""UT"",""ru""";;
"325,,""дБ"",""UT"",""ru""";;
"326,,""ср"",""UT"",""ru""";;
"327,,""уз"",""UT"",""ru""";;
"328,,""м/с"",""UT"",""ru""";;
"329,,""см/с"",""UT"",""ru""";;
"330,,""об/с"",""UT"",""ru""";;
"331,,""об/мин"",""UT"",""ru""";;
"333,,""км/ч"",""UT"",""ru""";;
"335,,""м/с'"",""UT"",""ru""";;
"336,,""mm/c"",""UT"",""ru""";;
"337,,""мм вод,ст."",""UT"",""ru""";;
"338,,""мм рт. ст."",""UT"",""ru""";;
"339,,""см вод. СТ."",""UT"",""ru""";;
"348,,""кг/л"",""UT"",""ru""";;
"349,,""Кл/кг"",""UT"",""ru""";;
"350,,""ПС"",""UTI"",""ru""";;
"351,,""КС"",""UTI"",""ru""";;
"352,,""МКС"",""UTI"",""ru""";;
"353,,""мс"",""UTI"",""ru""";;
"354,,""с"",""UTI"",""ru""";;
"355,,""мин"",""UTI"",""ru""";;
"356,,""ч"",""UTI"",""ru""";;
"357,,""раб. ч."",""UTI"",""ru""";;
"358,,""сверхур. ц"",""UTI"",""ru""";;
"359,,""дн";" сут."",""UTI"",""ru""";
"360,,""нсл"",""UTI"",""ru""";;
"361,,""дек"",""UTI"",""ru""";;
"362,,""мес"",""UTI"",""ru""";;
"363,,""раб.мес"",""UTI"",""ru""";;
"364,,""кв"",""UTI"",""ru""";;
"365,,""пгод"",""UTI"",""ru""";;
"366,,""г";" лет"",""UTI"",""ru""";
"367,,""свг"",""UTI"",""ru""";;
"368,,""деслет"",""UTI"",""ru""";;
"369,,""век"",""UTI"",""ru""";;
"487,,""кг/с"",""UE"",""ru""";;
"499,,""мг/ч"",""UE"",""ru""";;
"500,,""кг/ч"",""UE"",""ru""";;
"501,,""г/ кВт. ч"",""UE"",""ru""";;
"510,,""кг/ Гкал"",""UE"",""ru""";;
"511,,""т. ном"",""UE"",""ru""";;
"512,,""т тяги"",""UE"",""ru""";;
"514,,""чел/м!"",""UE"",""ru""";;
"521,,""чел/км2"",""UE"",""ru""";;
"522,,""чел/год"",""UE"",""ru""";;
"524,,""норм.час"",""UE"",""ru""";;
"526,,""норм. смен."",""UE"",""ru""";;
"527,,""ч работ. оборуд."",""UE"",""ru""";;
"528,,""т пар/ч"",""UE"",""ru""";;
"533,,""т/ч"",""UE"",""ru""";;
"534,,""т/сут."",""UE"",""ru""";;
"535,,""т/смен."",""UE"",""ru""";;
"538,,""чел. ч"",""UE"",""ru""";;
"576,,""м3/с"",""UE"",""ru""";;
"596,,""см3/с"",""UE"",""ru""";;
"597,,""м3/ч"",""UE"",""ru""";;
"599,,""л/км"",""UE"",""ru""";;
"601,,""бал"",""UE"",""ru""";;
"604,,""банк"",""UE"",""ru""";;
"607,,""бутыль"",""UE"",""ru""";;
"608,,""ведро"",""UE"",""ru""";;
"609,,""брус"",""UE"",""ru""";;
"612,,""брусок"",""UE"",""ru""";;
"613,,""бум. меш."",""UE"",""ru""";;
"614,,""бухт"",""UE"",""ru""";;
"615,,""боб."",""UE"",""ru""";;
"616,,""бочен."",""UE"",""ru""";;
"620,,""бочка"",""UE"",""ru""";;
"621,,""доска"",""UE"",""ru""";;
"623,,""лист"",""UE"",""ru""";;
"626,,""sar."",""UE"",""ru""";;
"627,,""ваг. ч"",""UE"",""ru""";;
"628,,""ваг. дн."",""UE"",""ru""";;
"629,,""станд. усл. кирп"",""UE"",""ru""";;
"630,,""кол. служ. ваг."",""UE"",""ru""";;
"631,,""лин.дост."",""UE"",""ru""";;
"632,,""доз"",""UE"",""ru""";;
"640,,""дюжина"",""UE"",""ru""";;
"641,,""ед."",""UE"",""ru""";;
"644,,""ед. обор."",""UE"",""ru""";;
"645,,""абон ед"",""UE"",""ru""";;
"646,,""корм. ед."",""UE"",""ru""";;
"647,,""ц корм. ед."",""UE"",""ru""";;
"648,,""ед. на т"",""UE"",""ru""";;
"649,,""ц с га"",""UE"",""ru""";;
"650,,""порт св."",""UE"",""ru""";;
"652,,""обслуж. лин.св."",""UE"",""ru""";;
"653,,""мин. сообщ."",""UE"",""ru""";;
"759,,""кг/га"",""UE"",""ru""";;
"760,,""т/га"",""UE"",""ru""";;
"761,,""кг/чел."",""UE"",""ru""";;
"762,,""га/чел."",""UE"",""ru""";;
"763,,""лей/чел."",""UE"",""ru""";;
"766,,""тыс. лей/га"",""UE"",""ru""";;
"767,,""лей/ч"",""UE"",""ru""";;
"768,,""упак."",""UE"",""ru""";;
"779,,""дюжина"",""UE"",""ru""";;
"783,,""чел."",""UE"",""ru""";;
"794,,""шт."",""UE"",""ru""";;
"811,,""ЯШ."",""UE"",""ru""";;
"814,,""креп. спирта по массе"",""UE"",""ru""";;
"820,,""креп. спирта по объему"",""UE"",""ru""";;
"821,,""л 100% спирта"",""UE"",""ru""";;
"831,,""гл 100% спирта"",""UE"",""ru""";;
"833,,""гол"",""UE"",""ru""";;
"838,,""компл"",""UE"",""ru""";;
"839,,""секц"",""UE"",""ru""";;
"908,,""ном."",""UE"",""ru""";;
"909,,""кварт."",""UE"",""ru""";;
"911,,""кошек"",""UE"",""ru""";;
"913,,""том книжн фонд"",""UE"",""ru""";;
"915,,""усл. рем."",""UE"",""ru""";;
"916,,""усл. рем/ год"",""UE"",""ru""";;
"917,,""смен"",""UE"",""ru""";;
"918,,""л. авт."",""UE"",""ru""";;
"920,,""л  печ"",""UE"",""ru""";;
"921,,""л уч.изд"",""UE"",""ru""";;
"922,,""знак"",""UE"",""ru""";;
"923,,""слово"",""UE"",""ru""";;
"924,,""символ"",""UE"",""ru""";;
"925,,""усл. труб"",""UE"",""ru""";;
"2,,""µm"",""UL"",""en""";;
"3,,""mm"",""UL"",""en""";;
"4,,""cm"",""UL"",""en""";;
"5,,""dm"",""UL"",""en""";;
"6,,""m"",""UL"",""en""";;
"8,,""km";"m"",""UL"",""en""";
"9,,""Mm"; m;" mie km"",""UL"",""en"""
"10,,""pc"",""UL"",""en""";;
"18,,""m lin."",""UL"",""en""";;
"19,,""mie m lin."",""UL"",""en""";;
"20,,""m conv."",""UL"",""en""";;
"21,,""m lin. sapare"",""UL"",""en""";;
"22,,""cm lin."",""UL"",""en""";;
"23,,""10 m lin."",""UL"",""en""";;
"39,,""in"",""UL"",""en""";;
"41,,""ft"",""UL"",""en""";;
"43,,""yd"",""UL"",""en""";;
"47,,""n mile"",""UL"",""en""";;
"48,,""mie m conv."",""UL"",""en""";;
"49,,""km cond. conv."",""UL"",""en""";;
"50,,""mm2"",""UA"",""en""";;
"51,,""cm2"",""UA"",""en""";;
"53,,""dm2"",""UA"",""en""";;
"54,,""mie dm2"",""UA"",""en""";;
"55,,""m2"",""UA"",""en""";;
"56,,""mln dm2"",""UA"",""en""";;
"57,,""mln m2"",""UA"",""en""";;
"58,,""daa"",""UA"",""en""";;
"59,,""ha"",""UA"",""en""";;
"60,,""mie ha"",""UA"",""en""";;
"61,,""km2"",""UA"",""en""";;
"62,,""m2 conv."",""UA"",""en""";;
"63,,""mie m2 conv."",""UA"",""en""";;
"64,,""mln m2 conv."",""UA"",""en""";;
"71,,""in2"",""UA"",""en""";;
"73,,""ft2"",""UA"",""en""";;
"75,,""yd2"",""UA"",""en""";;
"81,,""m2 ar.tot."",""UA"",""en""";;
"83,,""mln m2 ar.tot."",""UA"",""en""";;
"84,,""m2 sp. loc."",""UA"",""en""";;
"85,,""mie m2 sp. loc."",""UA"",""en""";;
"86,,""mln m2 sp. loc."",""UA"",""en""";;
"87,,""m2 cl. stud. lab."",""UA"",""en""";;
"88,,""mie m2 cl. stud. lab."",""UA"",""en""";;
"89,,""mln m2calc. 2 mm"",""UA"",""en""";;
"109,,""a"",""UA"",""en""";;
"110,,""mm3"",""UV"",""en""";;
"111,,""cm3";" ml"",""UV"",""en""";
"112,,""l";"dm3"",""UV"",""en""";
"113,,""m3"",""UV"",""en""";;
"114,,""mie m3"",""UV"",""en""";;
"115,,""mlrd m3"",""UV"",""en""";;
"116,,""dal"",""UV"",""en""";;
"118,,""dl"",""UV"",""en""";;
"119,,""mie dal"",""UV"",""en""";;
"120,,""mln dal"",""UV"",""en""";;
"121,,""m3 consist."",""UV"",""en""";;
"122,,""hl"",""UV"",""en""";;
"123,,""m3 conv."",""UV"",""en""";;
"124,,""mie m3 conv."",""UV"",""en""";;
"125,,""mln m3 prel. gaz/a"",""UV"",""en""";;
"126,,""Ml"",""UV"",""en""";;
"127,,""mie m3 consist."",""UV"",""en""";;
"128,,""mie 1/2 l"",""UV"",""en""";;
"129,,""mln 1/2 l"",""UV"",""en""";;
"131,,""in3"",""UV"",""en""";;
"132,,""ft3"",""UV"",""en""";;
"133,,""yd3"",""UV"",""en""";;
"134,,""m3 cap."",""UV"",""en""";;
"156,,""mie m3 rap."",""UV"",""en""";;
"157,,""l/min"",""UV"",""en""";;
"158,,""l/d"",""UV"",""en""";;
"160,,""hg"",""UM"",""en""";;
"161,,""mg"",""UM"",""en""";;
"162,,""carat"",""UM"",""en""";;
"163,,""g"",""UM"",""en""";;
"165,,""carate"",""UM"",""en""";;
"166,,""kg"",""UM"",""en""";;
"167,,""mln carate"",""UM"",""en""";;
"168,,""t"",""UM"",""en""";;
"169,,""mie t"",""UM"",""en""";;
"170,,""kt"",""UM"",""en""";;
"171,,""mln t"",""UM"",""en""";;
"172,,""t comb. conv."",""UM"",""en""";;
"173,,""cg"",""UM"",""en""";;
"175,,""mie t comb. conv."",""UM"",""en""";;
"176,,""mln t comb. conv."",""UM"",""en""";;
"177,,""mie t dep. sim."",""UM"",""en""";;
"178,,""mie t prel."",""UM"",""en""";;
"179,,""t conv."",""UM"",""en""";;
"180,,""auto t"",""UM"",""en""";;
"181,,""t-registru brut"",""UM"",""en""";;
"185,,""t metr. cap. incarc."",""UM"",""en""";;
"206,,""q";"102 kg"",""UM"",""en""";
"207,,""mln m3"",""UT"",""en""";;
"208,,""erg/s"",""UT"",""en""";;
"209,,""kgf m/s"",""UT"",""en""";;
"210,,""µW"",""UT"",""en""";;
"211,,""mW"",""UT"",""en""";;
"212,,""W"",""UT"",""en""";;
"214,,""kW"",""UT"",""en""";;
"215,,""MW"",""UT"",""en""";;
"216,,""hW"",""UT"",""en""";;
"217,,""hWh"",""UT"",""en""";;
"218,,""cons. kW"",""UT"",""en""";;
"219,,""GW"",""UT"",""en""";;
"220,,""µV"",""UT"",""en""";;
"221,,""mV"",""UT"",""en""";;
"222,,""V"",""UT"",""en""";;
"223,,""kV"",""UT"",""en""";;
"224,,""MV"",""UT"",""en""";;
"225,,""V/m"",""UT"",""en""";;
"226,,""VA"",""UT"",""en""";;
"227,,""kVA"",""UT"",""en""";;
"228,,""MVA"",""UT"",""en""";;
"229,,""VAr"",""UT"",""en""";;
"230,,""kVAr"",""UT"",""en""";;
"231,,""m/h"",""UT"",""en""";;
"232,,""kcal"",""UT"",""en""";;
"233,,""Gcal"",""UT"",""en""";;
"234,,""mie Gcal"",""UT"",""en""";;
"235,,""mln Gcal"",""UT"",""en""";;
"236,,""cal/h"",""UT"",""en""";;
"237,,""kcal/h"",""UT"",""en""";;
"238,,""Gcal/h"",""UT"",""en""";;
"239,,""mie Gcal/h"",""UT"",""en""";;
"240,,""cal"",""UT"",""en""";;
"241,,""mln Ah"",""UT"",""en""";;
"242,,""mln kVA"",""UT"",""en""";;
"243,,""Wh"",""UT"",""en""";;
"244,,""W/m2"",""UT"",""en""";;
"245,,""kWh"",""UT"",""en""";;
"246,,""MWh"",""UT"",""en""";;
"247,,""GWh"",""UT"",""en""";;
"248,,""kVAr"",""UT"",""en""";;
"249,,""mlrd kWh"",""UT"",""en""";;
"250,,""mie kVAr"",""UT"",""en""";;
"251,,""CP"",""UT"",""en""";;
"252,,""mie CP"",""UT"",""en""";;
"253,,""mln CP"",""UT"",""en""";;
"254,,""bit"",""UT"",""en""";;
"255,,""byt"",""UT"",""en""";;
"256,,""kbyt"",""UT"",""en""";;
"257,,""Mbyt"",""UT"",""en""";;
"258,,""bod"",""UT"",""en""";;
"259,,""Gbyt"",""UT"",""en""";;
"260,,""A"",""UT"",""en""";;
"261,,""A/m"",""UT"",""en""";;
"262,,""As"",""UT"",""en""";;
"263,,""Ah"",""UT"",""en""";;
"264,,""Ah"",""UT"",""en""";;
"265,,""Am2"",""UT"",""en""";;
"266,,""kA"",""UT"",""en""";;
"267,,""pA"",""UT"",""en""";;
"268,,""VA/kg"",""UT"",""en""";;
"269,,""mA"",""UT"",""en""";;
"270,,""С"",""UT"",""en""";;
"271,,""J"",""UT"",""en""";;
"272,,""mol"",""UT"",""en""";;
"273,,""kJ"",""UT"",""en""";;
"274,,""Ω"",""UT"",""en""";;
"276,,""MΩ"",""UT"",""en""";;
"277,,""GΩ"",""UT"",""en""";;
"278,,""kΩ"",""UT"",""en""";;
"279,,""°"",""UT"",""en""";;
"280,,""°C"",""UT"",""en""";;
"281,,""°F"",""UT"",""en""";;
"282,,""cd"",""UT"",""en""";;
"283,,""Ix"",""UT"",""en""";;
"284,,""Im"",""UT"",""en""";;
"285,,""pF"",""UT"",""en""";;
"286,,""mF"",""UT"",""en""";;
"287,,""H"",""UT"",""en""";;
"288,,""К"",""UT"",""en""";;
"289,,""N"",""UT"",""en""";;
"290,,""Hz"",""UT"",""en""";;
"291,,""kHz"",""UT"",""en""";;
"292,,""MHz"",""UT"",""en""";;
"293,,""GHz"",""UT"",""en""";;
"294,,""Pa"",""UT"",""en""";;
"295,,""rad"",""UT"",""en""";;
"296,,""S"",""UT"",""en""";;
"297,,""kPa"",""UT"",""en""";;
"298,,""MPa"",""UT"",""en""";;
"299,,""Mcal"",""UT"",""en""";;
"300,,""atm"",""UT"",""en""";;
"301,,""at"",""UT"",""en""";;
"302,,""GBq"",""UT"",""en""";;
"303,,""R"",""UT"",""en""";;
"304,,""mCi"",""UT"",""en""";;
"305,,""Ci"",""UT"",""en""";;
"306,,""g fissile isotopes"",""UT"",""en""";;
"307,,""mm Hg"",""UT"",""en""";;
"308,,""mbar"",""UT"",""en""";;
"309,,""bar"",""UT"",""en""";;
"310,,""hbar"",""UT"",""en""";;
"312,,""kbar"",""UT"",""en""";;
"313,,""T"",""UT"",""en""";;
"314,,""F"",""UT"",""en""";;
"315,,""g/m'"",""UT"",""en""";;
"316,,""kg/m3"",""UT"",""en""";;
"317,,""dyn/cm2"",""UT"",""en""";;
"319,,""mW/s"",""UT"",""en""";;
"320,,""m2/s"",""UT"",""en""";;
"321,,""m2/kg"",""UT"",""en""";;
"322,,""Å"",""UT"",""en""";;
"323,,""Bq"",""UT"",""en""";;
"324,,""Wb"",""UT"",""en""";;
"325,,""dB"",""UT"",""en""";;
"326,,""sr"",""UT"",""en""";;
"327,,""kn"",""UT"",""en""";;
"328,,""m/s"",""UT"",""en""";;
"329,,""cm/s"",""UT"",""en""";;
"330,,""r/s"",""UT"",""en""";;
"331,,""r/min"",""UT"",""en""";;
"333,,""km/h"",""UT"",""en""";;
"335,,""m/s2"",""UT"",""en""";;
"336,,""mm/s"",""UT"",""en""";;
"337,,""mmH2O"",""UT"",""en""";;
"338,,""mm Hg"",""UT"",""en""";;
"339,,""cmH2O"",""UT"",""en""";;
"348,,""kg/l"",""UT"",""en""";;
"349,,""C/kg"",""UT"",""en""";;
"350,,""ps"",""UTI"",""en""";;
"351,,""ks"",""UTI"",""en""";;
"352,,""ms"",""UTI"",""en""";;
"353,,""ms"",""UTI"",""en""";;
"354,,""s"",""UTI"",""en""";;
"355,,""mni"",""UTI"",""en""";;
"356,,""h"",""UTI"",""en""";;
"357,,""h lucr."",""UTI"",""en""";;
"358,,""h suplini."",""UTI"",""en""";;
"359,,""d";"24h"",""UTI"",""en""";
"360,,""sapt."",""UTI"",""en""";;
"361,,""decad."",""UTI"",""en""";;
"362,,""luna"",""UTI"",""en""";;
"363,,""luna lucr."",""UTI"",""en""";;
"364,,""trim"",""UTI"",""en""";;
"365,,""1/2 a"",""UTI"",""en""";;
"366,,""a"",""UTI"",""en""";;
"367,,""iy"",""UTI"",""en""";;
"368,,""10a"",""UTI"",""en""";;
"369,,""sec."",""UTI"",""en""";;
"487,,""kg/s"",""UE"",""en""";;
"499,,""mg/h"",""UE"",""en""";;
"500,,""kg/h"",""UE"",""en""";;
"501,,""g/kWh"",""UE"",""en""";;
"510,,""kg/ Gcal"",""UE"",""en""";;
"511,,""t-num"",""UE"",""en""";;
"512,,""ttrac"",""UE"",""en""";;
"514,,""om/m2"",""UE"",""en""";;
"521,,""om/km2"",""UE"",""en""";;
"522,,""om/a"",""UE"",""en""";;
"524,,""norm/h"",""UE"",""en""";;
"526,,""norm/ schimb"",""UE"",""en""";;
"527,,""ora lucru util."",""UE"",""en""";;
"528,,""t abur/ h"",""UE"",""en""";;
"533,,""t/h"",""UE"",""en""";;
"534,,""t/d"",""UE"",""en""";;
"535,,""t/schimb"",""UE"",""en""";;
"538,,""omh"",""UE"",""en""";;
"576,,""m3s"",""UE"",""en""";;
"596,,""cm3/s"",""UE"",""en""";;
"597,,""m3h"",""UE"",""en""";;
"599,,""l/km"",""UE"",""en""";;
"601,,""balon"",""UE"",""en""";;
"604,,""borcan"",""UE"",""en""";;
"607,,""damig."",""UE"",""en""";;
"608,,""caldare"",""UE"",""en""";;
"609,,""bara"",""UE"",""en""";;
"612,,""calup"",""UE"",""en""";;
"613,,""sac hirt"",""UE"",""en""";;
"614,,""colac"",""UE"",""en""";;
"615,,""bob."",""UE"",""en""";;
"616,,""butoias"",""UE"",""en""";;
"620,,""butoi"",""UE"",""en""";;
"621,,""seindura"",""UE"",""en""";;
"623,,""foaie"",""UE"",""en""";;
"626,,""vag."",""UE"",""en""";;
"627,,""vag. h"",""UE"",""en""";;
"628,,""vag. d"",""UE"",""en""";;
"629,,""mie caram. st conv."",""UE"",""en""";;
"630,,""numar vag. de servic."",""UE"",""en""";;
"631,,""cale acces"",""UE"",""en""";;
"632,,""doza"",""UE"",""en""";;
"640,,""duz"",""UE"",""en""";;
"641,,""unit."",""UE"",""en""";;
"644,,""unit. util"",""UE"",""en""";;
"645,,""unit. abon."",""UE"",""en""";;
"646,,""unit. nutr."",""UE"",""en""";;
"647,,""q unit. fur."",""UE"",""en""";;
"648,,""unit/t"",""UE"",""en""";;
"649,,""q/ha"",""UE"",""en""";;
"650,,""port legat."",""UE"",""en""";;
"652,,""lin. comun. de serv"",""UE"",""en""";;
"653,,""min comun."",""UE"",""en""";;
"759,,""kg/ha"",""UE"",""en""";;
"760,,""t/ha"",""UE"",""en""";;
"761,,""kg/om"",""UE"",""en""";;
"762,,""ha/om"",""UE"",""en""";;
"763,,""tei/om"",""UE"",""en""";;
"766,,""mie lei/ha"",""UE"",""en""";;
"767,,""lei/h"",""UE"",""en""";;
"768,,""ambalaj"",""UE"",""en""";;
"779,,""duz. ambalaje -"",""UE"",""en""";;
"783,,""om"",""UE"",""en""";;
"794,,""buc."",""UE"",""en""";;
"811,,""lada"",""UE"",""en""";;
"814,,""concentr. masica alcool"",""UE"",""en""";;
"820,,""concentr. volumica alcool"",""UE"",""en""";;
"821,,""l alcool absolut"",""UE"",""en""";;
"831,,""hl alcool absolut"",""UE"",""en""";;
"833,,""capete"",""UE"",""en""";;
"838,,""compl."",""UE"",""en""";;
"839,,""sect."",""UE"",""en""";;
"908,,""nr"",""UE"",""en""";;
"909,,""apart."",""UE"",""en""";;
"911,,""сat"",""UE"",""en""";;
"913,,""V fond carti"",""UE"",""en""";;
"915,,""rep. conv."",""UE"",""en""";;
"916,,""rep. conv/a"",""UE"",""en""";;
"917,,""schimb"",""UE"",""en""";;
"918,,""coala aut."",""UE"",""en""";;
"920,,""coala tip."",""UE"",""en""";;
"921,,""coala edit."",""UE"",""en""";;
"922,,""semn"",""UE"",""en""";;
"923,,""cuv."",""UE"",""en""";;
"924,,""simb."",""UE"",""en""";;
"925,,""teava conv."",""UE"",""en""";;
